{
    "connectorName": "mongodb",
    "operationName": "updateMany",
    "title": "UpdateManyDocuments",
    "help": "<h1>UpdateManyDocuments</h1> <b>The updateMany operation</b>",
    "elements": [
        {
            "type": "attributeGroup",
            "value": {
                "groupName": "General",
                "elements": [
                    {
                        "type": "attribute",
                        "value": {
                            "name": "configRef",
                            "displayName": "Connection",
                            "inputType": "connection",
                            "allowedConnectionTypes": [
                                "STANDARD",
                                "DSL",
                                "URI"
                            ],
                            "defaultType": "connection.standard",
                            "defaultValue": "",
                            "required": "true",
                            "helpTip": "MongoDB connection to be used."
                        }
                    },
                    {
                        "type": "attributeGroup",
                        "value": {
                            "groupName": "Search",
                            "elements": [
                                {
                                    "type": "attribute",
                                    "value": {
                                        "name": "search",
                                        "displayName": "Search",
                                        "inputType": "searchBox",
                                        "defaultValue": "",
                                        "required": "false",
                                        "helpTip": "Search for an attribute using the display name"
                                    }
                                }
                            ]
                        }
                    },
                    {
                        "type": "attributeGroup",
                        "value": {
                            "groupName": "Basic",
                            "elements": [
                                {
                                    "type": "attribute",
                                    "value": {
                                        "name": "collection",
                                        "displayName": "Collection",
                                        "inputType": "stringOrExpression",
                                        "defaultValue": "",
                                        "required": "true",
                                        "helpTip": "A grouping of MongoDB documents."
                                    }
                                },
                                {
                                    "type": "attribute",
                                    "value": {
                                        "name": "query",
                                        "displayName": "Query",
                                        "inputType": "textAreaOrExpression",
                                        "defaultValue": "",
                                        "required": "true",
                                        "helpTip": "The selection criteria for the update."
                                    }
                                },
                                {
                                    "type": "attribute",
                                    "value": {
                                        "name": "update",
                                        "displayName": "Update",
                                        "inputType": "textAreaOrExpression",
                                        "defaultValue": "",
                                        "required": "true",
                                        "helpTip": "The modifications to apply."
                                    }
                                },
                                {
                                    "type": "attribute",
                                    "value": {
                                        "name": "upsert",
                                        "displayName": "Upsert",
                                        "inputType": "comboOrExpression",
                                        "comboValues": [
                                            "True",
                                            "False"
                                        ],
                                        "defaultValue": "False",
                                        "required": "true",
                                        "helpTip": "Creates a new document if no documents match the filter/query."
                                    }
                                },
                                {
                                    "type": "attribute",
                                    "value": {
                                        "name": "collation",
                                        "displayName": "Collation",
                                        "inputType": "textAreaOrExpression",
                                        "defaultValue": "",
                                        "required": "false",
                                        "helpTip": "Specifies the collation to use for the operation."
                                    }
                                },
                                {
                                    "type": "attribute",
                                    "value": {
                                        "name": "arrayFilters",
                                        "displayName": "Array Filters",
                                        "inputType": "textAreaOrExpression",
                                        "defaultValue": "",
                                        "required": "false",
                                        "helpTip": "Determines which array elements to modify."
                                    }
                                }
                            ]
                        }
                    }
                ]
            }
        }
    ]
}