<!--
   Copyright (c) 2021, WSO2 Inc. (http://www.wso2.org) All Rights Reserved.

   WSO2 Inc. licenses this file to you under the Apache License,
   Version 2.0 (the "License"); you may not use this file except
   in compliance with the License.
   You may obtain a copy of the License at

   http://www.apache.org/licenses/LICENSE-2.0

   Unless required by applicable law or agreed to in writing,
   software distributed under the License is distributed on an
   "AS IS" BASIS, WITHOUT WARRANTIES OR CONDITIONS OF ANY
   KIND, either express or implied. See the License for the
   specific language governing permissions and limitations
   under the License.
-->
<template xmlns="http://ws.apache.org/ns/synapse" name="find">
    <parameter name="collection" description="The name of the collection available in the database."/>
    <parameter name="query" description="The selection criteria for the find query."/>
    <parameter name="projection" description="The fields to return in the documents that match the query filter."/>
    <parameter name="collation" description="Collation allows users to specify language-specific rules for string comparison."/>
    <parameter name="limit" description="The number of maximum documents returned for the query. "/>
    <parameter name="sort" description="The order in which the query returns matching documents. "/>
    <sequence>
        <class name="org.wso2.carbon.connector.operations.Find"/>
    </sequence>
</template>